position,color
1,#000000
2,#000000
3,#000000
4,#000000
5,#000000
6,#AAAAAA
7,#AAAAAA
8,#AAAAAA
9,#AAAAAA
10,#AAAAAA
11,#AAAAAA
12,#AAAAAA
13,#AAAAAA
14,#AAAAAA
15,#AAAAAA
16,#AAAAAA
17,#AAAAAA
18,#AAAAAA
19,#AAAAAA
20,#AAAAAA
21,#AAAAAA
22,#AAAAAA
23,#AAAAAA
24,#AAAAAA
25,#AAAAAA
26,#AAAAAA
27,#AAAAAA
28,#AAAAAA
29,#AAAAAA
30,#AAAAAA
31,#AAAAAA
32,#AAAAAA
33,#AAAAAA
34,#AAAAAA
35,#AAAAAA
36,#AAAAAA
37,#AAAAAA
38,#AAAAAA
39,#AAAAAA
40,#AAAAAA
41,#AAAAAA
42,#AAAAAA
43,#AAAAAA
44,#AAAAAA
45,#AAAAAA
46,#AAAAAA
47,#AAAAAA
48,#AAAAAA
49,#AAAAAA
50,#AAAAAA
51,#AAAAAA
52,#AAAAAA
53,#AAAAAA
54,#AAAAAA
55,#AAAAAA
56,#AAAAAA
57,#AAAAAA
58,#AAAAAA
59,#AAAAAA
60,#AAAAAA
61,#AAAAAA
62,#AAAAAA
63,#AAAAAA
64,#AAAAAA
65,#AAAAAA
66,#AAAAAA
67,#AAAAAA
68,#AAAAAA
69,#AAAAAA
70,#AAAAAA
71,#AAAAAA
72,#AAAAAA
73,#AAAAAA
74,#AAAAAA
75,#AAAAAA
76,#AAAAAA
77,#AAAAAA
78,#AAAAAA
79,#AAAAAA
80,#AAAAAA
81,#AAAAAA
82,#AAAAAA
83,#AAAAAA
84,#AAAAAA
85,#AAAAAA
86,#AAAAAA
87,#AAAAAA
88,#AAAAAA
89,#AAAAAA
90,#AAAAAA
91,#AAAAAA
92,#AAAAAA
93,#AAAAAA
94,#AAAAAA
95,#AAAAAA
96,#AAAAAA
97,#AAAAAA
98,#AAAAAA
99,#000000
